Unemployment_rate_2013,state,county
7.4,us,united states
7.2,al,alabama
6.2,al,autauga county
6.6,al,baldwin county
10.2,al,barbour county
7.9,al,bibb county
6.3,al,blount county
9.4,al,bullock county
10.3,al,butler county
8.8,al,calhoun county
8.0,al,chambers county
6.6,al,cherokee county
6.6,al,chilton county
9.2,al,choctaw county
13.8,al,clarke county
8.3,al,clay county
7.7,al,cleburne county
6.9,al,coffee county
8.2,al,colbert county
10.7,al,conecuh county
9.2,al,coosa county
8.1,al,covington county
7.7,al,crenshaw county
6.7,al,cullman county
7.4,al,dale county
12.2,al,dallas county
7.6,al,dekalb county
6.2,al,elmore county
8.6,al,escambia county
7.6,al,etowah county
8.3,al,fayette county
8.0,al,franklin county
7.0,al,geneva county
12.8,al,greene county
11.6,al,hale county
7.7,al,henry county
6.9,al,houston county
7.9,al,jackson county
6.7,al,jefferson county
7.0,al,lamar county
7.1,al,lauderdale county
8.3,al,lawrence county
5.9,al,lee county
6.3,al,limestone county
14.1,al,lowndes county
9.6,al,macon county
6.3,al,madison county
8.9,al,marengo county
7.9,al,marion county
6.8,al,marshall county
8.5,al,mobile county
11.9,al,monroe county
7.3,al,montgomery county
6.9,al,morgan county
13.5,al,perry county
9.3,al,pickens county
7.6,al,pike county
7.8,al,randolph county
7.2,al,russell county
6.1,al,st. clair county
4.6,al,shelby county
9.0,al,sumter county
8.6,al,talladega county
8.1,al,tallapoosa county
6.4,al,tuscaloosa county
8.5,al,walker county
10.9,al,washington county
19.3,al,wilcox county
9.4,al,winston county
7.0,ak,alaska
6.0,ak,aleutians east borough
6.9,ak,aleutians west census area
5.2,ak,anchorage borough/municipality
16.2,ak,bethel census area
8.8,ak,bristol bay borough
12.5,ak,denali borough
10.2,ak,dillingham census area
5.9,ak,fairbanks north star borough
10.2,ak,haines borough
14.7,ak,hoonah-angoon census area
5.0,ak,juneau borough/city
8.0,ak,kenai peninsula borough
7.8,ak,ketchikan gateway borough
6.2,ak,kodiak island borough
23.7,ak,kusilvak census area
15.5,ak,lake and peninsula borough
8.4,ak,matanuska-susitna borough
12.3,ak,nome census area
7.4,ak,north slope borough
16.4,ak,northwest arctic borough
8.7,ak,petersburg borough
12.2,ak,prince of wales-hyder census area
,ak,prince of wales-outer ketchikan census area
5.5,ak,sitka borough/city
12.5,ak,skagway municipality
,ak,skagway-hoonah-angoon census area
13.1,ak,southeast fairbanks census area
9.9,ak,valdez-cordova census area
8.0,ak,wrangell borough/city
,ak,wrangell-petersburg census area
9.5,ak,yakutat borough/city
18.3,ak,yukon-koyukuk census area
7.7,az,arizona
18.4,az,apache county
9.2,az,cochise county
8.1,az,coconino county
9.6,az,gila county
7.7,az,graham county
5.9,az,greenlee county
8.2,az,la paz county
6.6,az,maricopa county
10.3,az,mohave county
13.5,az,navajo county
6.8,az,pima county
8.1,az,pinal county
15.4,az,santa cruz county
7.7,az,yavapai county
25.5,az,yuma county
7.2,ar,arkansas
7.4,ar,arkansas county
10.7,ar,ashley county
8.0,ar,baxter county
5.6,ar,benton county
7.0,ar,boone county
9.5,ar,bradley county
8.1,ar,calhoun county
6.0,ar,carroll county
11.6,ar,chicot county
8.8,ar,clark county
9.7,ar,clay county
8.5,ar,cleburne county
7.6,ar,cleveland county
8.8,ar,columbia county
9.2,ar,conway county
6.6,ar,craighead county
7.6,ar,crawford county
8.4,ar,crittenden county
7.6,ar,cross county
10.5,ar,dallas county
9.6,ar,desha county
9.6,ar,drew county
6.5,ar,faulkner county
6.9,ar,franklin county
6.9,ar,fulton county
7.6,ar,garland county
6.5,ar,grant county
7.9,ar,greene county
7.2,ar,hempstead county
7.3,ar,hot spring county
6.4,ar,howard county
9.0,ar,independence county
8.6,ar,izard county
10.9,ar,jackson county
10.3,ar,jefferson county
7.7,ar,johnson county
9.5,ar,lafayette county
8.9,ar,lawrence county
9.3,ar,lee county
8.3,ar,lincoln county
7.6,ar,little river county
7.8,ar,logan county
6.1,ar,lonoke county
5.8,ar,madison county
7.7,ar,marion county
6.4,ar,miller county
11.3,ar,mississippi county
8.8,ar,monroe county
8.4,ar,montgomery county
7.7,ar,nevada county
6.9,ar,newton county
9.6,ar,ouachita county
9.4,ar,perry county
11.4,ar,phillips county
8.8,ar,pike county
8.5,ar,poinsett county
7.1,ar,polk county
7.3,ar,pope county
7.1,ar,prairie county
6.5,ar,pulaski county
9.5,ar,randolph county
10.4,ar,st. francis county
5.8,ar,saline county
6.2,ar,scott county
7.9,ar,searcy county
7.5,ar,sebastian county
8.3,ar,sevier county
9.7,ar,sharp county
8.4,ar,stone county
8.6,ar,union county
9.7,ar,van buren county
5.4,ar,washington county
7.8,ar,white county
9.5,ar,woodruff county
6.5,ar,yell county
8.9,ca,california
7.2,ca,alameda county
9.7,ca,alpine county
10.3,ca,amador county
10.3,ca,butte county
9.9,ca,calaveras county
18.9,ca,colusa county
7.5,ca,contra costa county
11.8,ca,del norte county
8.5,ca,el dorado county
13.3,ca,fresno county
12.1,ca,glenn county
8.1,ca,humboldt county
25.0,ca,imperial county
7.8,ca,inyo county
11.7,ca,kern county
13.4,ca,kings county
10.9,ca,lake county
10.6,ca,lassen county
9.8,ca,los angeles county
12.6,ca,madera county
5.2,ca,marin county
10.5,ca,mariposa county
8.4,ca,mendocino county
14.5,ca,merced county
12.3,ca,modoc county
8.5,ca,mono county
10.3,ca,monterey county
6.9,ca,napa county
8.1,ca,nevada county
6.6,ca,orange county
7.7,ca,placer county
13.8,ca,plumas county
9.9,ca,riverside county
8.9,ca,sacramento county
11.1,ca,san benito county
9.8,ca,san bernardino county
7.8,ca,san diego county
5.5,ca,san francisco county/city
12.3,ca,san joaquin county
6.8,ca,san luis obispo county
5.3,ca,san mateo county
7.2,ca,santa barbara county
6.5,ca,santa clara county
10.3,ca,santa cruz county
11.8,ca,shasta county
12.7,ca,sierra county
13.1,ca,siskiyou county
9.1,ca,solano county
7.1,ca,sonoma county
12.9,ca,stanislaus county
14.6,ca,sutter county
11.6,ca,tehama county
11.9,ca,trinity county
14.4,ca,tulare county
10.8,ca,tuolumne county
7.9,ca,ventura county
9.0,ca,yolo county
13.2,ca,yuba county
6.9,co,colorado
8.1,co,adams county
9.7,co,alamosa county
6.6,co,arapahoe county
8.8,co,archuleta county
4.1,co,baca county
7.7,co,bent county
5.5,co,boulder county
5.8,co,broomfield county/city
6.2,co,chaffee county
4.2,co,cheyenne county
6.3,co,clear creek county
10.6,co,conejos county
11.2,co,costilla county
7.2,co,crowley county
6.4,co,custer county
8.9,co,delta county
6.6,co,denver county/city
8.3,co,dolores county
5.3,co,douglas county
6.0,co,eagle county
5.9,co,elbert county
7.9,co,el paso county
10.7,co,fremont county
7.5,co,garfield county
6.0,co,gilpin county
5.8,co,grand county
5.5,co,gunnison county
4.6,co,hinsdale county
13.7,co,huerfano county
4.8,co,jackson county
6.3,co,jefferson county
4.5,co,kiowa county
3.9,co,kit carson county
7.2,co,lake county
5.7,co,la plata county
5.8,co,larimer county
11.2,co,las animas county
5.8,co,lincoln county
5.1,co,logan county
8.7,co,mesa county
5.9,co,mineral county
6.9,co,moffat county
7.7,co,montezuma county
9.4,co,montrose county
6.5,co,morgan county
9.8,co,otero county
7.6,co,ouray county
6.1,co,park county
4.6,co,phillips county
6.5,co,pitkin county
6.3,co,prowers county
9.8,co,pueblo county
7.8,co,rio blanco county
11.6,co,rio grande county
5.9,co,routt county
11.3,co,saguache county
8.6,co,san juan county
6.7,co,san miguel county
6.2,co,sedgwick county
5.0,co,summit county
7.8,co,teller county
4.6,co,washington county
6.6,co,weld county
4.8,co,yuma county
7.8,ct,connecticut
7.3,ct,fairfield county
8.0,ct,hartford county
7.1,ct,litchfield county
6.7,ct,middlesex county
8.5,ct,new haven county
8.1,ct,new london county
6.9,ct,tolland county
8.8,ct,windham county
6.7,de,delaware
7.3,de,kent county
6.5,de,new castle county
6.8,de,sussex county
8.5,dc,district of columbia
8.5,dc,district of columbia
7.2,fl,florida
5.7,fl,alachua county
7.4,fl,baker county
7.3,fl,bay county
6.3,fl,bradford county
8.3,fl,brevard county
6.8,fl,broward county
7.9,fl,calhoun county
8.0,fl,charlotte county
9.7,fl,citrus county
6.3,fl,clay county
7.1,fl,collier county
7.6,fl,columbia county
8.2,fl,desoto county
8.5,fl,dixie county
7.5,fl,duval county
7.2,fl,escambia county
8.4,fl,flagler county
5.5,fl,franklin county
9.2,fl,gadsden county
7.9,fl,gilchrist county
7.4,fl,glades county
6.8,fl,gulf county
8.6,fl,hamilton county
8.2,fl,hardee county
12.0,fl,hendry county
9.0,fl,hernando county
9.5,fl,highlands county
6.6,fl,hillsborough county
7.9,fl,holmes county
9.6,fl,indian river county
7.5,fl,jackson county
7.8,fl,jefferson county
5.2,fl,lafayette county
7.4,fl,lake county
7.3,fl,lee county
6.1,fl,leon county
8.2,fl,levy county
6.7,fl,liberty county
7.8,fl,madison county
6.7,fl,manatee county
8.5,fl,marion county
7.2,fl,martin county
7.4,fl,miami-dade county
4.8,fl,monroe county
6.7,fl,nassau county
5.7,fl,okaloosa county
8.7,fl,okeechobee county
6.8,fl,orange county
7.9,fl,osceola county
7.1,fl,palm beach county
7.7,fl,pasco county
6.6,fl,pinellas county
8.2,fl,polk county
10.4,fl,putnam county
5.4,fl,st. johns county
10.0,fl,st. lucie county
6.4,fl,santa rosa county
7.0,fl,sarasota county
6.7,fl,seminole county
9.3,fl,sumter county
6.9,fl,suwannee county
7.8,fl,taylor county
6.3,fl,union county
8.2,fl,volusia county
6.0,fl,wakulla county
6.1,fl,walton county
7.7,fl,washington county
8.2,ga,georgia
10.7,ga,appling county
9.4,ga,atkinson county
8.4,ga,bacon county
10.5,ga,baker county
10.1,ga,baldwin county
7.9,ga,banks county
7.4,ga,barrow county
8.7,ga,bartow county
12.5,ga,ben hill county
9.5,ga,berrien county
9.3,ga,bibb county
14.0,ga,bleckley county
10.6,ga,brantley county
8.3,ga,brooks county
7.4,ga,bryan county
8.7,ga,bulloch county
12.0,ga,burke county
9.3,ga,butts county
8.1,ga,calhoun county
7.8,ga,camden county
8.2,ga,candler county
9.6,ga,carroll county
6.7,ga,catoosa county
8.4,ga,charlton county
8.3,ga,chatham county
11.0,ga,chattahoochee county
9.0,ga,chattooga county
6.1,ga,cherokee county
7.8,ga,clarke county
11.4,ga,clay county
10.8,ga,clayton county
9.2,ga,clinch county
6.7,ga,cobb county
9.9,ga,coffee county
8.8,ga,colquitt county
6.5,ga,columbia county
8.5,ga,cook county
7.0,ga,coweta county
8.8,ga,crawford county
11.2,ga,crisp county
7.1,ga,dade county
7.4,ga,dawson county
9.5,ga,decatur county
8.4,ga,dekalb county
11.4,ga,dodge county
11.5,ga,dooly county
10.3,ga,dougherty county
8.6,ga,douglas county
9.1,ga,early county
6.3,ga,echols county
7.2,ga,effingham county
10.8,ga,elbert county
12.5,ga,emanuel county
7.6,ga,evans county
9.0,ga,fannin county
6.7,ga,fayette county
9.5,ga,floyd county
5.9,ga,forsyth county
9.8,ga,franklin county
8.1,ga,fulton county
9.0,ga,gilmer county
9.5,ga,glascock county
8.5,ga,glynn county
8.9,ga,gordon county
7.7,ga,grady county
9.9,ga,greene county
6.9,ga,gwinnett county
8.0,ga,habersham county
6.8,ga,hall county
14.7,ga,hancock county
9.3,ga,haralson county
6.5,ga,harris county
9.2,ga,hart county
9.4,ga,heard county
8.4,ga,henry county
7.5,ga,houston county
10.6,ga,irwin county
6.9,ga,jackson county
8.3,ga,jasper county
9.9,ga,jeff davis county
14.0,ga,jefferson county
12.3,ga,jenkins county
9.8,ga,johnson county
7.3,ga,jones county
11.3,ga,lamar county
8.6,ga,lanier county
10.8,ga,laurens county
6.9,ga,lee county
8.5,ga,liberty county
10.0,ga,lincoln county
8.1,ga,long county
8.0,ga,lowndes county
7.4,ga,lumpkin county
11.3,ga,mcduffie county
9.0,ga,mcintosh county
12.8,ga,macon county
7.6,ga,madison county
8.8,ga,marion county
10.8,ga,meriwether county
7.3,ga,miller county
8.6,ga,mitchell county
8.0,ga,monroe county
11.4,ga,montgomery county
8.1,ga,morgan county
11.2,ga,murray county
9.3,ga,muscogee county
9.7,ga,newton county
5.6,ga,oconee county
7.6,ga,oglethorpe county
7.2,ga,paulding county
10.7,ga,peach county
8.0,ga,pickens county
8.5,ga,pierce county
8.5,ga,pike county
8.9,ga,polk county
8.8,ga,pulaski county
10.3,ga,putnam county
8.2,ga,quitman county
9.9,ga,rabun county
10.3,ga,randolph county
9.8,ga,richmond county
9.1,ga,rockdale county
9.2,ga,schley county
12.6,ga,screven county
10.2,ga,seminole county
11.5,ga,spalding county
9.1,ga,stephens county
8.7,ga,stewart county
11.3,ga,sumter county
9.3,ga,talbot county
11.9,ga,taliaferro county
7.9,ga,tattnall county
11.7,ga,taylor county
11.4,ga,telfair county
9.8,ga,terrell county
9.0,ga,thomas county
8.5,ga,tift county
11.0,ga,toombs county
10.6,ga,towns county
12.3,ga,treutlen county
8.6,ga,troup county
10.0,ga,turner county
13.7,ga,twiggs county
7.9,ga,union county
9.8,ga,upson county
8.1,ga,walker county
7.8,ga,walton county
9.4,ga,ware county
12.0,ga,warren county
9.6,ga,washington county
9.8,ga,wayne county
9.3,ga,webster county
12.6,ga,wheeler county
7.4,ga,white county
9.6,ga,whitfield county
11.1,ga,wilcox county
11.2,ga,wilkes county
10.3,ga,wilkinson county
9.2,ga,worth county
4.9,hi,hawaii
6.6,hi,hawaii county
4.5,hi,honolulu county/city
5.6,hi,kauai county
5.1,hi,maui county
6.1,id,idaho
5.2,id,ada county
13.6,id,adams county
5.8,id,bannock county
5.1,id,bear lake county
10.1,id,benewah county
5.9,id,bingham county
5.7,id,blaine county
8.1,id,boise county
8.8,id,bonner county
5.4,id,bonneville county
8.0,id,boundary county
6.9,id,butte county
6.5,id,camas county
7.5,id,canyon county
5.3,id,caribou county
5.2,id,cassia county
6.4,id,clark county
11.3,id,clearwater county
8.4,id,custer county
6.7,id,elmore county
4.2,id,franklin county
5.2,id,fremont county
7.8,id,gem county
4.9,id,gooding county
9.9,id,idaho county
5.1,id,jefferson county
5.3,id,jerome county
7.3,id,kootenai county
4.9,id,latah county
9.4,id,lemhi county
5.0,id,lewis county
7.6,id,lincoln county
4.1,id,madison county
5.5,id,minidoka county
5.0,id,nez perce county
4.3,id,oneida county
3.8,id,owyhee county
6.5,id,payette county
6.6,id,power county
12.1,id,shoshone county
5.0,id,teton county
5.7,id,twin falls county
10.2,id,valley county
7.4,id,washington county
9.0,il,illinois
6.8,il,adams county
12.7,il,alexander county
8.7,il,bond county
10.1,il,boone county
6.2,il,brown county
9.2,il,bureau county
9.8,il,calhoun county
8.0,il,carroll county
9.1,il,cass county
7.2,il,champaign county
9.7,il,christian county
9.3,il,clark county
9.9,il,clay county
6.8,il,clinton county
8.8,il,coles county
9.6,il,cook county
8.3,il,crawford county
7.8,il,cumberland county
8.2,il,dekalb county
8.3,il,de witt county
6.9,il,douglas county
7.4,il,dupage county
9.5,il,edgar county
8.6,il,edwards county
6.9,il,effingham county
9.2,il,fayette county
7.4,il,ford county
11.9,il,franklin county
10.9,il,fulton county
9.4,il,gallatin county
8.6,il,greene county
11.6,il,grundy county
7.8,il,hamilton county
8.5,il,hancock county
11.4,il,hardin county
7.9,il,henderson county
7.7,il,henry county
8.5,il,iroquois county
7.9,il,jackson county
7.9,il,jasper county
9.5,il,jefferson county
9.0,il,jersey county
7.6,il,jo daviess county
12.2,il,johnson county
8.7,il,kane county
10.5,il,kankakee county
8.4,il,kendall county
8.9,il,knox county
7.9,il,lake county
10.3,il,lasalle county
10.2,il,lawrence county
8.0,il,lee county
8.1,il,livingston county
8.1,il,logan county
8.3,il,mcdonough county
8.6,il,mchenry county
6.6,il,mclean county
11.3,il,macon county
9.5,il,macoupin county
8.9,il,madison county
10.1,il,marion county
9.1,il,marshall county
10.9,il,mason county
9.8,il,massac county
7.2,il,menard county
7.8,il,mercer county
6.7,il,monroe county
10.9,il,montgomery county
7.9,il,morgan county
7.2,il,moultrie county
9.9,il,ogle county
9.6,il,peoria county
11.0,il,perry county
7.0,il,piatt county
7.5,il,pike county
9.2,il,pope county
12.5,il,pulaski county
9.9,il,putnam county
8.4,il,randolph county
8.3,il,richland county
8.3,il,rock island county
9.8,il,st. clair county
10.6,il,saline county
7.5,il,sangamon county
8.3,il,schuyler county
8.9,il,scott county
8.7,il,shelby county
9.5,il,stark county
9.4,il,stephenson county
8.7,il,tazewell county
11.2,il,union county
10.6,il,vermilion county
7.5,il,wabash county
7.4,il,warren county
6.2,il,washington county
7.8,il,wayne county
7.7,il,white county
8.7,il,whiteside county
9.8,il,will county
9.0,il,williamson county
10.5,il,winnebago county
7.1,il,woodford county
7.7,in,indiana
6.1,in,adams county
7.5,in,allen county
6.0,in,bartholomew county
7.1,in,benton county
9.9,in,blackford county
5.7,in,boone county
7.4,in,brown county
7.0,in,carroll county
7.7,in,cass county
6.9,in,clark county
8.9,in,clay county
7.1,in,clinton county
10.0,in,crawford county
5.7,in,daviess county
8.5,in,dearborn county
6.7,in,decatur county
7.2,in,dekalb county
8.6,in,delaware county
5.3,in,dubois county
7.2,in,elkhart county
10.3,in,fayette county
6.3,in,floyd county
9.8,in,fountain county
8.7,in,franklin county
8.3,in,fulton county
5.9,in,gibson county
9.0,in,grant county
10.2,in,greene county
5.0,in,hamilton county
6.6,in,hancock county
7.0,in,harrison county
5.8,in,hendricks county
8.8,in,henry county
8.1,in,howard county
7.7,in,huntington county
6.5,in,jackson county
7.7,in,jasper county
7.7,in,jay county
7.9,in,jefferson county
9.2,in,jennings county
6.2,in,johnson county
6.7,in,knox county
6.6,in,kosciusko county
5.9,in,lagrange county
9.1,in,lake county
9.3,in,laporte county
10.1,in,lawrence county
9.3,in,madison county
8.5,in,marion county
7.4,in,marshall county
6.3,in,martin county
8.7,in,miami county
6.8,in,monroe county
7.2,in,montgomery county
7.6,in,morgan county
9.0,in,newton county
7.3,in,noble county
8.3,in,ohio county
9.9,in,orange county
10.1,in,owen county
9.2,in,parke county
7.8,in,perry county
6.8,in,pike county
7.2,in,porter county
6.3,in,posey county
7.0,in,pulaski county
8.7,in,putnam county
8.7,in,randolph county
8.6,in,ripley county
7.4,in,rush county
8.7,in,st. joseph county
8.9,in,scott county
7.3,in,shelby county
6.7,in,spencer county
9.5,in,starke county
6.3,in,steuben county
9.1,in,sullivan county
7.5,in,switzerland county
6.6,in,tippecanoe county
6.7,in,tipton county
7.2,in,union county
7.1,in,vanderburgh county
10.7,in,vermillion county
9.4,in,vigo county
7.6,in,wabash county
8.8,in,warren county
6.3,in,warrick county
8.7,in,washington county
8.7,in,wayne county
6.3,in,wells county
6.9,in,white county
7.0,in,whitley county
4.7,ia,iowa
4.2,ia,adair county
3.7,ia,adams county
6.3,ia,allamakee county
6.4,ia,appanoose county
4.9,ia,audubon county
5.1,ia,benton county
5.1,ia,black hawk county
4.1,ia,boone county
3.8,ia,bremer county
4.7,ia,buchanan county
4.0,ia,buena vista county
4.5,ia,butler county
5.2,ia,calhoun county
3.4,ia,carroll county
5.0,ia,cass county
4.3,ia,cedar county
5.4,ia,cerro gordo county
4.3,ia,cherokee county
5.0,ia,chickasaw county
5.5,ia,clarke county
4.5,ia,clay county
5.6,ia,clayton county
5.8,ia,clinton county
4.4,ia,crawford county
3.6,ia,dallas county
5.5,ia,davis county
4.5,ia,decatur county
4.3,ia,delaware county
6.0,ia,des moines county
5.3,ia,dickinson county
4.5,ia,dubuque county
4.1,ia,emmet county
5.3,ia,fayette county
5.5,ia,floyd county
4.4,ia,franklin county
4.2,ia,fremont county
4.7,ia,greene county
4.4,ia,grundy county
5.2,ia,guthrie county
5.4,ia,hamilton county
4.0,ia,hancock county
5.1,ia,hardin county
4.5,ia,harrison county
5.3,ia,henry county
4.6,ia,howard county
4.1,ia,humboldt county
4.0,ia,ida county
4.1,ia,iowa county
5.4,ia,jackson county
5.1,ia,jasper county
5.0,ia,jefferson county
3.4,ia,johnson county
5.3,ia,jones county
5.1,ia,keokuk county
3.6,ia,kossuth county
7.1,ia,lee county
5.0,ia,linn county
5.1,ia,louisa county
4.7,ia,lucas county
2.9,ia,lyon county
5.1,ia,madison county
4.8,ia,mahaska county
4.5,ia,marion county
6.0,ia,marshall county
4.4,ia,mills county
4.3,ia,mitchell county
5.7,ia,monona county
5.7,ia,monroe county
4.9,ia,montgomery county
5.2,ia,muscatine county
3.6,ia,o'brien county
3.8,ia,osceola county
5.3,ia,page county
3.7,ia,palo alto county
4.0,ia,plymouth county
3.8,ia,pocahontas county
4.8,ia,polk county
4.6,ia,pottawattamie county
4.6,ia,poweshiek county
4.3,ia,ringgold county
4.2,ia,sac county
5.6,ia,scott county
3.8,ia,shelby county
3.5,ia,sioux county
3.3,ia,story county
5.6,ia,tama county
3.8,ia,taylor county
4.9,ia,union county
5.5,ia,van buren county
6.3,ia,wapello county
4.5,ia,warren county
3.8,ia,washington county
5.2,ia,wayne county
5.3,ia,webster county
4.8,ia,winnebago county
4.6,ia,winneshiek county
4.8,ia,woodbury county
5.2,ia,worth county
4.5,ia,wright county
5.3,ks,kansas
6.1,ks,allen county
5.8,ks,anderson county
8.6,ks,atchison county
4.0,ks,barber county
4.1,ks,barton county
6.5,ks,bourbon county
5.0,ks,brown county
5.5,ks,butler county
5.6,ks,chase county
6.2,ks,chautauqua county
6.4,ks,cherokee county
3.4,ks,cheyenne county
3.1,ks,clark county
5.0,ks,clay county
4.4,ks,cloud county
5.9,ks,coffey county
3.5,ks,comanche county
5.8,ks,cowley county
5.9,ks,crawford county
4.0,ks,decatur county
5.9,ks,dickinson county
5.4,ks,doniphan county
4.8,ks,douglas county
3.7,ks,edwards county
5.7,ks,elk county
3.1,ks,ellis county
3.3,ks,ellsworth county
4.3,ks,finney county
4.0,ks,ford county
6.1,ks,franklin county
8.7,ks,geary county
3.3,ks,gove county
4.1,ks,graham county
3.6,ks,grant county
3.0,ks,gray county
2.4,ks,greeley county
5.3,ks,greenwood county
2.9,ks,hamilton county
4.0,ks,harper county
4.9,ks,harvey county
2.9,ks,haskell county
3.9,ks,hodgeman county
5.1,ks,jackson county
5.7,ks,jefferson county
3.7,ks,jewell county
4.3,ks,johnson county
3.6,ks,kearny county
5.4,ks,kingman county
3.4,ks,kiowa county
7.2,ks,labette county
3.5,ks,lane county
6.0,ks,leavenworth county
4.6,ks,lincoln county
8.7,ks,linn county
2.8,ks,logan county
7.2,ks,lyon county
3.9,ks,mcpherson county
4.7,ks,marion county
3.9,ks,marshall county
3.1,ks,meade county
5.6,ks,miami county
2.9,ks,mitchell county
6.8,ks,montgomery county
5.5,ks,morris county
3.9,ks,morton county
3.5,ks,nemaha county
8.5,ks,neosho county
3.1,ks,ness county
2.8,ks,norton county
6.7,ks,osage county
4.2,ks,osborne county
4.5,ks,ottawa county
4.4,ks,pawnee county
4.2,ks,phillips county
4.6,ks,pottawatomie county
4.0,ks,pratt county
2.7,ks,rawlins county
5.2,ks,reno county
3.4,ks,republic county
4.3,ks,rice county
4.2,ks,riley county
4.2,ks,rooks county
4.3,ks,rush county
3.9,ks,russell county
5.0,ks,saline county
2.9,ks,scott county
6.1,ks,sedgwick county
4.1,ks,seward county
5.8,ks,shawnee county
2.7,ks,sheridan county
4.0,ks,sherman county
3.6,ks,smith county
4.4,ks,stafford county
3.6,ks,stanton county
3.0,ks,stevens county
5.6,ks,sumner county
3.5,ks,thomas county
3.7,ks,trego county
5.0,ks,wabaunsee county
3.2,ks,wallace county
3.7,ks,washington county
3.5,ks,wichita county
8.9,ks,wilson county
6.2,ks,woodson county
7.9,ks,wyandotte county
8.0,ky,kentucky
10.1,ky,adair county
7.4,ky,allen county
6.4,ky,anderson county
9.2,ky,ballard county
7.7,ky,barren county
10.3,ky,bath county
13.3,ky,bell county
6.6,ky,boone county
7.0,ky,bourbon county
9.4,ky,boyd county
8.8,ky,boyle county
9.8,ky,bracken county
14.9,ky,breathitt county
9.2,ky,breckinridge county
7.4,ky,bullitt county
9.2,ky,butler county
8.2,ky,caldwell county
7.3,ky,calloway county
6.6,ky,campbell county
7.2,ky,carlisle county
9.1,ky,carroll county
12.7,ky,carter county
8.6,ky,casey county
9.4,ky,christian county
7.5,ky,clark county
14.3,ky,clay county
10.5,ky,clinton county
7.4,ky,crittenden county
10.7,ky,cumberland county
6.9,ky,daviess county
10.0,ky,edmonson county
14.5,ky,elliott county
9.7,ky,estill county
5.8,ky,fayette county
9.5,ky,fleming county
13.3,ky,floyd county
6.6,ky,franklin county
10.8,ky,fulton county
9.3,ky,gallatin county
8.2,ky,garrard county
8.3,ky,grant county
8.5,ky,graves county
10.3,ky,grayson county
8.3,ky,green county
10.2,ky,greenup county
7.2,ky,hancock county
7.7,ky,hardin county
18.1,ky,harlan county
7.6,ky,harrison county
7.9,ky,hart county
7.5,ky,henderson county
7.2,ky,henry county
7.1,ky,hickman county
7.9,ky,hopkins county
11.6,ky,jackson county
7.5,ky,jefferson county
6.5,ky,jessamine county
11.0,ky,johnson county
7.0,ky,kenton county
15.4,ky,knott county
13.0,ky,knox county
8.2,ky,larue county
9.7,ky,laurel county
11.2,ky,lawrence county
12.5,ky,lee county
17.6,ky,leslie county
16.7,ky,letcher county
12.1,ky,lewis county
10.7,ky,lincoln county
9.9,ky,livingston county
7.1,ky,logan county
8.2,ky,lyon county
7.9,ky,mccracken county
13.1,ky,mccreary county
7.7,ky,mclean county
6.6,ky,madison county
17.6,ky,magoffin county
8.2,ky,marion county
8.1,ky,marshall county
9.8,ky,martin county
10.0,ky,mason county
9.0,ky,meade county
12.1,ky,menifee county
7.9,ky,mercer county
7.8,ky,metcalfe county
7.1,ky,monroe county
8.5,ky,montgomery county
10.6,ky,morgan county
9.4,ky,muhlenberg county
7.5,ky,nelson county
8.6,ky,nicholas county
9.3,ky,ohio county
5.7,ky,oldham county
6.3,ky,owen county
12.6,ky,owsley county
8.4,ky,pendleton county
13.9,ky,perry county
11.9,ky,pike county
10.8,ky,powell county
9.2,ky,pulaski county
11.0,ky,robertson county
9.3,ky,rockcastle county
8.3,ky,rowan county
11.6,ky,russell county
6.1,ky,scott county
6.1,ky,shelby county
7.5,ky,simpson county
6.4,ky,spencer county
9.4,ky,taylor county
7.4,ky,todd county
9.0,ky,trigg county
8.3,ky,trimble county
7.7,ky,union county
6.9,ky,warren county
6.9,ky,washington county
11.9,ky,wayne county
7.1,ky,webster county
10.6,ky,whitley county
14.2,ky,wolfe county
5.3,ky,woodford county
6.7,la,louisiana
6.0,la,acadia parish
7.5,la,allen parish
5.6,la,ascension parish
8.3,la,assumption parish
7.5,la,avoyelles parish
7.4,la,beauregard parish
8.7,la,bienville parish
6.0,la,bossier parish
7.9,la,caddo parish
6.5,la,calcasieu parish
8.2,la,caldwell parish
5.3,la,cameron parish
8.5,la,catahoula parish
7.5,la,claiborne parish
8.5,la,concordia parish
8.8,la,de soto parish
6.2,la,east baton rouge parish
16.9,la,east carroll parish
6.9,la,east feliciana parish
6.8,la,evangeline parish
10.1,la,franklin parish
7.3,la,grant parish
6.5,la,iberia parish
8.3,la,iberville parish
6.5,la,jackson parish
6.3,la,jefferson parish
6.2,la,jefferson davis parish
4.9,la,lafayette parish
4.9,la,lafourche parish
5.0,la,lasalle parish
7.8,la,lincoln parish
5.8,la,livingston parish
11.0,la,madison parish
12.4,la,morehouse parish
8.3,la,natchitoches parish
7.3,la,orleans parish
7.2,la,ouachita parish
5.7,la,plaquemines parish
7.6,la,pointe coupee parish
6.9,la,rapides parish
7.5,la,red river parish
9.6,la,richland parish
6.8,la,sabine parish
7.4,la,st. bernard parish
6.3,la,st. charles parish
11.3,la,st. helena parish
9.3,la,st. james parish
8.7,la,st. john the baptist parish
7.8,la,st. landry parish
5.9,la,st. martin parish
6.6,la,st. mary parish
5.7,la,st. tammany parish
8.0,la,tangipahoa parish
9.4,la,tensas parish
5.0,la,terrebonne parish
7.8,la,union parish
5.6,la,vermilion parish
8.8,la,vernon parish
8.4,la,washington parish
9.6,la,webster parish
6.1,la,west baton rouge parish
12.7,la,west carroll parish
5.9,la,west feliciana parish
8.2,la,winn parish
6.6,me,maine
6.7,me,androscoggin county
8.6,me,aroostook county
5.3,me,cumberland county
7.7,me,franklin county
7.9,me,hancock county
6.2,me,kennebec county
5.9,me,knox county
6.8,me,lincoln county
8.3,me,oxford county
6.8,me,penobscot county
8.8,me,piscataquis county
5.6,me,sagadahoc county
9.2,me,somerset county
7.2,me,waldo county
9.3,me,washington county
6.3,me,york county
6.6,md,maryland
8.5,md,allegany county
5.7,md,anne arundel county
6.9,md,baltimore county
5.9,md,calvert county
6.9,md,caroline county
5.5,md,carroll county
7.7,md,cecil county
6.5,md,charles county
9.8,md,dorchester county
5.7,md,frederick county
8.1,md,garrett county
6.5,md,harford county
4.8,md,howard county
7.2,md,kent county
4.9,md,montgomery county
6.9,md,prince george's county
5.8,md,queen anne's county
6.0,md,st. mary's county
10.7,md,somerset county
6.4,md,talbot county
7.3,md,washington county
8.7,md,wicomico county
12.6,md,worcester county
9.7,md,baltimore city
6.7,ma,massachusetts
8.4,ma,barnstable county
7.4,ma,berkshire county
8.7,ma,bristol county
9.1,ma,dukes county
7.0,ma,essex county
6.2,ma,franklin county
8.7,ma,hampden county
6.1,ma,hampshire county
5.5,ma,middlesex county
7.3,ma,nantucket county/town
5.8,ma,norfolk county
7.0,ma,plymouth county
6.2,ma,suffolk county
7.2,ma,worcester county
8.8,mi,michigan
13.3,mi,alcona county
11.7,mi,alger county
6.7,mi,allegan county
9.7,mi,alpena county
11.4,mi,antrim county
13.0,mi,arenac county
14.5,mi,baraga county
6.4,mi,barry county
8.7,mi,bay county
10.3,mi,benzie county
8.7,mi,berrien county
8.4,mi,branch county
7.9,mi,calhoun county
8.2,mi,cass county
10.7,mi,charlevoix county
11.5,mi,cheboygan county
10.5,mi,chippewa county
11.7,mi,clare county
6.0,mi,clinton county
11.4,mi,crawford county
10.3,mi,delta county
8.3,mi,dickinson county
6.7,mi,eaton county
11.8,mi,emmet county
9.7,mi,genesee county
11.7,mi,gladwin county
10.8,mi,gogebic county
7.6,mi,grand traverse county
8.9,mi,gratiot county
8.9,mi,hillsdale county
8.9,mi,houghton county
8.4,mi,huron county
7.7,mi,ingham county
8.0,mi,ionia county
11.4,mi,iosco county
10.2,mi,iron county
7.2,mi,isabella county
8.3,mi,jackson county
6.9,mi,kalamazoo county
11.2,mi,kalkaska county
6.2,mi,kent county
13.6,mi,keweenaw county
13.3,mi,lake county
11.4,mi,lapeer county
7.7,mi,leelanau county
7.8,mi,lenawee county
7.4,mi,livingston county
10.3,mi,luce county
12.2,mi,mackinac county
9.5,mi,macomb county
10.6,mi,manistee county
8.2,mi,marquette county
9.2,mi,mason county
10.0,mi,mecosta county
7.8,mi,menominee county
7.7,mi,midland county
9.2,mi,missaukee county
7.4,mi,monroe county
9.6,mi,montcalm county
16.0,mi,montmorency county
9.9,mi,muskegon county
8.9,mi,newaygo county
7.8,mi,oakland county
12.4,mi,oceana county
11.8,mi,ogemaw county
13.8,mi,ontonagon county
10.0,mi,osceola county
15.6,mi,oscoda county
10.4,mi,otsego county
6.1,mi,ottawa county
14.7,mi,presque isle county
13.9,mi,roscommon county
9.0,mi,saginaw county
11.5,mi,st. clair county
7.8,mi,st. joseph county
10.5,mi,sanilac county
12.8,mi,schoolcraft county
9.4,mi,shiawassee county
10.5,mi,tuscola county
10.1,mi,van buren county
5.8,mi,washtenaw county
11.5,mi,wayne county
11.1,mi,wexford county
5.0,mn,minnesota
7.5,mn,aitkin county
5.0,mn,anoka county
5.5,mn,becker county
6.2,mn,beltrami county
5.9,mn,benton county
5.4,mn,big stone county
4.2,mn,blue earth county
5.2,mn,brown county
6.0,mn,carlton county
4.3,mn,carver county
8.2,mn,cass county
5.1,mn,chippewa county
5.6,mn,chisago county
4.3,mn,clay county
10.6,mn,clearwater county
5.8,mn,cook county
5.8,mn,cottonwood county
6.9,mn,crow wing county
4.5,mn,dakota county
4.7,mn,dodge county
4.4,mn,douglas county
5.4,mn,faribault county
5.0,mn,fillmore county
5.0,mn,freeborn county
4.7,mn,goodhue county
5.7,mn,grant county
4.6,mn,hennepin county
5.0,mn,houston county
7.2,mn,hubbard county
6.0,mn,isanti county
7.7,mn,itasca county
4.1,mn,jackson county
8.1,mn,kanabec county
4.8,mn,kandiyohi county
6.0,mn,kittson county
8.3,mn,koochiching county
5.6,mn,lac qui parle county
6.2,mn,lake county
5.6,mn,lake of the woods county
6.1,mn,le sueur county
4.6,mn,lincoln county
4.1,mn,lyon county
5.6,mn,mcleod county
5.8,mn,mahnomen county
7.6,mn,marshall county
5.3,mn,martin county
5.5,mn,meeker county
7.5,mn,mille lacs county
6.7,mn,morrison county
4.5,mn,mower county
5.3,mn,murray county
3.7,mn,nicollet county
4.0,mn,nobles county
5.7,mn,norman county
4.0,mn,olmsted county
5.3,mn,otter tail county
6.3,mn,pennington county
6.9,mn,pine county
4.6,mn,pipestone county
5.4,mn,polk county
4.3,mn,pope county
4.9,mn,ramsey county
6.7,mn,red lake county
5.5,mn,redwood county
6.5,mn,renville county
4.9,mn,rice county
3.2,mn,rock county
4.4,mn,roseau county
6.1,mn,st. louis county
4.4,mn,scott county
5.3,mn,sherburne county
5.5,mn,sibley county
4.9,mn,stearns county
4.6,mn,steele county
3.8,mn,stevens county
5.8,mn,swift county
5.3,mn,todd county
5.1,mn,traverse county
4.6,mn,wabasha county
7.0,mn,wadena county
5.5,mn,waseca county
4.4,mn,washington county
5.3,mn,watonwan county
4.2,mn,wilkin county
4.4,mn,winona county
5.0,mn,wright county
4.9,mn,yellow medicine county
8.5,ms,mississippi
9.3,ms,adams county
7.8,ms,alcorn county
9.1,ms,amite county
9.4,ms,attala county
10.5,ms,benton county
10.7,ms,bolivar county
8.4,ms,calhoun county
10.6,ms,carroll county
10.7,ms,chickasaw county
8.5,ms,choctaw county
17.0,ms,claiborne county
10.0,ms,clarke county
15.4,ms,clay county
12.9,ms,coahoma county
10.5,ms,copiah county
7.9,ms,covington county
5.9,ms,desoto county
8.4,ms,forrest county
9.2,ms,franklin county
9.4,ms,george county
10.2,ms,greene county
8.8,ms,grenada county
7.8,ms,hancock county
7.5,ms,harrison county
8.5,ms,hinds county
16.7,ms,holmes county
17.2,ms,humphreys county
20.4,ms,issaquena county
8.0,ms,itawamba county
8.9,ms,jackson county
9.9,ms,jasper county
19.2,ms,jefferson county
12.6,ms,jefferson davis county
7.1,ms,jones county
12.9,ms,kemper county
7.1,ms,lafayette county
5.9,ms,lamar county
8.4,ms,lauderdale county
9.2,ms,lawrence county
8.5,ms,leake county
8.0,ms,lee county
14.3,ms,leflore county
7.7,ms,lincoln county
9.3,ms,lowndes county
5.8,ms,madison county
9.4,ms,marion county
10.1,ms,marshall county
11.8,ms,monroe county
11.3,ms,montgomery county
7.8,ms,neshoba county
7.5,ms,newton county
13.4,ms,noxubee county
8.0,ms,oktibbeha county
11.9,ms,panola county
7.4,ms,pearl river county
10.4,ms,perry county
9.8,ms,pike county
7.4,ms,pontotoc county
8.4,ms,prentiss county
14.8,ms,quitman county
5.2,ms,rankin county
6.6,ms,scott county
13.0,ms,sharkey county
7.4,ms,simpson county
6.7,ms,smith county
9.5,ms,stone county
13.9,ms,sunflower county
11.1,ms,tallahatchie county
8.9,ms,tate county
9.8,ms,tippah county
9.2,ms,tishomingo county
12.4,ms,tunica county
7.1,ms,union county
10.7,ms,walthall county
9.0,ms,warren county
14.5,ms,washington county
10.7,ms,wayne county
9.5,ms,webster county
12.4,ms,wilkinson county
11.0,ms,winston county
10.0,ms,yalobusha county
11.0,ms,yazoo county
6.7,mo,missouri
6.9,mo,adair county
5.4,mo,andrew county
5.8,mo,atchison county
6.3,mo,audrain county
6.8,mo,barry county
7.2,mo,barton county
7.6,mo,bates county
8.5,mo,benton county
7.1,mo,bollinger county
4.5,mo,boone county
6.2,mo,buchanan county
7.9,mo,butler county
6.7,mo,caldwell county
6.0,mo,callaway county
9.2,mo,camden county
5.8,mo,cape girardeau county
7.3,mo,carroll county
9.6,mo,carter county
6.3,mo,cass county
7.0,mo,cedar county
6.3,mo,chariton county
5.5,mo,christian county
7.9,mo,clark county
6.1,mo,clay county
6.6,mo,clinton county
5.2,mo,cole county
6.9,mo,cooper county
8.6,mo,crawford county
6.8,mo,dade county
8.6,mo,dallas county
6.2,mo,daviess county
6.0,mo,dekalb county
7.5,mo,dent county
9.4,mo,douglas county
9.9,mo,dunklin county
7.2,mo,franklin county
6.3,mo,gasconade county
5.3,mo,gentry county
5.5,mo,greene county
5.9,mo,grundy county
7.3,mo,harrison county
7.1,mo,henry county
9.9,mo,hickory county
5.4,mo,holt county
6.5,mo,howard county
7.8,mo,howell county
10.6,mo,iron county
7.6,mo,jackson county
5.8,mo,jasper county
6.8,mo,jefferson county
7.2,mo,johnson county
5.5,mo,knox county
9.6,mo,laclede county
6.4,mo,lafayette county
6.6,mo,lawrence county
5.6,mo,lewis county
7.6,mo,lincoln county
8.8,mo,linn county
5.6,mo,livingston county
6.4,mo,mcdonald county
6.5,mo,macon county
7.6,mo,madison county
6.6,mo,maries county
6.0,mo,marion county
5.5,mo,mercer county
8.7,mo,miller county
7.8,mo,mississippi county
6.4,mo,moniteau county
7.3,mo,monroe county
7.2,mo,montgomery county
9.5,mo,morgan county
7.8,mo,new madrid county
6.0,mo,newton county
6.5,mo,nodaway county
8.0,mo,oregon county
5.0,mo,osage county
10.3,mo,ozark county
10.3,mo,pemiscot county
5.4,mo,perry county
6.6,mo,pettis county
7.0,mo,phelps county
6.5,mo,pike county
5.7,mo,platte county
7.1,mo,polk county
7.9,mo,pulaski county
5.9,mo,putnam county
5.8,mo,ralls county
8.2,mo,randolph county
7.7,mo,ray county
9.4,mo,reynolds county
9.3,mo,ripley county
5.3,mo,st. charles county
7.8,mo,st. clair county
7.2,mo,ste. genevieve county
8.5,mo,st. francois county
6.2,mo,st. louis county
6.0,mo,saline county
7.8,mo,schuyler county
5.3,mo,scotland county
7.1,mo,scott county
9.5,mo,shannon county
5.6,mo,shelby county
8.8,mo,stoddard county
10.5,mo,stone county
6.5,mo,sullivan county
10.7,mo,taney county
8.2,mo,texas county
5.9,mo,vernon county
6.8,mo,warren county
9.7,mo,washington county
8.2,mo,wayne county
6.7,mo,webster county
4.1,mo,worth county
8.4,mo,wright county
8.4,mo,st. louis city
5.4,mt,montana
4.7,mt,beaverhead county
14.1,mt,big horn county
6.2,mt,blaine county
6.4,mt,broadwater county
4.5,mt,carbon county
3.1,mt,carter county
5.1,mt,cascade county
3.7,mt,chouteau county
3.4,mt,custer county
3.2,mt,daniels county
3.2,mt,dawson county
4.9,mt,deer lodge county
2.0,mt,fallon county
4.9,mt,fergus county
7.7,mt,flathead county
4.1,mt,gallatin county
3.2,mt,garfield county
10.1,mt,glacier county
5.0,mt,golden valley county
7.6,mt,granite county
6.6,mt,hill county
4.9,mt,jefferson county
4.9,mt,judith basin county
6.5,mt,lake county
4.4,mt,lewis and clark county
3.4,mt,liberty county
13.0,mt,lincoln county
2.4,mt,mccone county
5.5,mt,madison county
5.3,mt,meagher county
10.4,mt,mineral county
5.2,mt,missoula county
5.1,mt,musselshell county
6.4,mt,park county
4.8,mt,petroleum county
5.9,mt,phillips county
4.9,mt,pondera county
3.3,mt,powder river county
5.6,mt,powell county
4.6,mt,prairie county
6.7,mt,ravalli county
2.6,mt,richland county
5.5,mt,roosevelt county
6.4,mt,rosebud county
10.5,mt,sanders county
2.8,mt,sheridan county
5.5,mt,silver bow county
4.0,mt,stillwater county
3.7,mt,sweet grass county
4.3,mt,teton county
3.9,mt,toole county
4.5,mt,treasure county
3.8,mt,valley county
6.2,mt,wheatland county
3.4,mt,wibaux county
4.3,mt,yellowstone county
3.8,ne,nebraska
3.6,ne,adams county
3.2,ne,antelope county
7.7,ne,arthur county
4.6,ne,banner county
5.1,ne,blaine county
3.3,ne,boone county
3.9,ne,box butte county
3.5,ne,boyd county
3.9,ne,brown county
3.2,ne,buffalo county
4.5,ne,burt county
3.4,ne,butler county
4.3,ne,cass county
3.0,ne,cedar county
2.4,ne,chase county
2.8,ne,cherry county
2.8,ne,cheyenne county
3.4,ne,clay county
3.5,ne,colfax county
3.0,ne,cuming county
2.8,ne,custer county
4.7,ne,dakota county
3.6,ne,dawes county
3.8,ne,dawson county
3.4,ne,deuel county
3.7,ne,dixon county
4.2,ne,dodge county
4.1,ne,douglas county
2.8,ne,dundy county
3.0,ne,fillmore county
3.5,ne,franklin county
3.4,ne,frontier county
3.5,ne,furnas county
4.6,ne,gage county
2.8,ne,garden county
3.1,ne,garfield county
3.4,ne,gosper county
3.3,ne,grant county
3.5,ne,greeley county
3.7,ne,hall county
3.2,ne,hamilton county
3.1,ne,harlan county
3.4,ne,hayes county
4.0,ne,hitchcock county
3.1,ne,holt county
4.8,ne,hooker county
3.7,ne,howard county
3.7,ne,jefferson county
4.3,ne,johnson county
2.8,ne,kearney county
3.6,ne,keith county
3.3,ne,keya paha county
3.3,ne,kimball county
3.5,ne,knox county
3.5,ne,lancaster county
3.8,ne,lincoln county
3.2,ne,logan county
4.5,ne,loup county
3.8,ne,mcpherson county
3.5,ne,madison county
3.7,ne,merrick county
3.2,ne,morrill county
3.2,ne,nance county
5.0,ne,nemaha county
3.2,ne,nuckolls county
4.3,ne,otoe county
3.1,ne,pawnee county
2.6,ne,perkins county
3.0,ne,phelps county
3.3,ne,pierce county
3.5,ne,platte county
3.4,ne,polk county
3.0,ne,red willow county
4.5,ne,richardson county
3.2,ne,rock county
4.3,ne,saline county
3.6,ne,sarpy county
4.0,ne,saunders county
4.2,ne,scotts bluff county
3.7,ne,seward county
3.2,ne,sheridan county
3.3,ne,sherman county
3.3,ne,sioux county
3.3,ne,stanton county
2.8,ne,thayer county
4.0,ne,thomas county
7.7,ne,thurston county
3.3,ne,valley county
3.7,ne,washington county
3.2,ne,wayne county
3.9,ne,webster county
3.2,ne,wheeler county
3.6,ne,york county
9.6,nv,nevada
9.5,nv,churchill county
9.7,nv,clark county
9.7,nv,douglas county
6.2,nv,elko county
4.8,nv,esmeralda county
6.1,nv,eureka county
6.4,nv,humboldt county
7.4,nv,lander county
9.6,nv,lincoln county
12.8,nv,lyon county
12.5,nv,mineral county
12.2,nv,nye county
9.0,nv,pershing county
11.6,nv,storey county
9.5,nv,washoe county
7.4,nv,white pine county
10.4,nv,carson city
5.1,nh,new hampshire
5.0,nh,belknap county
4.9,nh,carroll county
4.7,nh,cheshire county
6.1,nh,coos county
4.2,nh,grafton county
5.4,nh,hillsborough county
4.6,nh,merrimack county
5.4,nh,rockingham county
4.9,nh,strafford county
4.1,nh,sullivan county
8.2,nj,new jersey
11.7,nj,atlantic county
6.7,nj,bergen county
7.7,nj,burlington county
9.4,nj,camden county
14.3,nj,cape may county
11.7,nj,cumberland county
9.7,nj,essex county
9.0,nj,gloucester county
7.9,nj,hudson county
5.9,nj,hunterdon county
7.3,nj,mercer county
7.5,nj,middlesex county
7.5,nj,monmouth county
6.2,nj,morris county
9.3,nj,ocean county
10.0,nj,passaic county
10.4,nj,salem county
6.3,nj,somerset county
7.9,nj,sussex county
8.4,nj,union county
7.6,nj,warren county
6.9,nm,new mexico
6.5,nm,bernalillo county
8.9,nm,catron county
6.3,nm,chaves county
8.5,nm,cibola county
7.1,nm,colfax county
5.1,nm,curry county
4.6,nm,de baca county
7.5,nm,dona ana county
4.6,nm,eddy county
6.8,nm,grant county
8.7,nm,guadalupe county
5.3,nm,harding county
7.5,nm,hidalgo county
4.5,nm,lea county
6.4,nm,lincoln county
4.2,nm,los alamos county
19.0,nm,luna county
10.1,nm,mckinley county
11.7,nm,mora county
6.4,nm,otero county
7.3,nm,quay county
9.6,nm,rio arriba county
5.6,nm,roosevelt county
7.4,nm,sandoval county
6.8,nm,san juan county
8.4,nm,san miguel county
5.6,nm,santa fe county
9.8,nm,sierra county
7.4,nm,socorro county
10.3,nm,taos county
10.2,nm,torrance county
4.6,nm,union county
8.4,nm,valencia county
7.7,ny,new york
6.1,ny,albany county
7.5,ny,allegany county
11.8,ny,bronx county
7.8,ny,broome county
8.5,ny,cattaraugus county
7.4,ny,cayuga county
8.0,ny,chautauqua county
7.9,ny,chemung county
7.3,ny,chenango county
8.3,ny,clinton county
6.0,ny,columbia county
7.7,ny,cortland county
7.9,ny,delaware county
6.7,ny,dutchess county
7.4,ny,erie county
8.3,ny,essex county
8.8,ny,franklin county
9.5,ny,fulton county
6.8,ny,genesee county
8.8,ny,greene county
9.5,ny,hamilton county
7.8,ny,herkimer county
9.2,ny,jefferson county
9.4,ny,kings county
9.5,ny,lewis county
7.0,ny,livingston county
7.6,ny,madison county
7.0,ny,monroe county
9.2,ny,montgomery county
5.9,ny,nassau county
7.5,ny,new york county
8.5,ny,niagara county
7.4,ny,oneida county
6.8,ny,onondaga county
6.3,ny,ontario county
6.8,ny,orange county
9.1,ny,orleans county
9.9,ny,oswego county
6.8,ny,otsego county
6.1,ny,putnam county
7.7,ny,queens county
6.7,ny,rensselaer county
9.0,ny,richmond county
6.3,ny,rockland county
9.1,ny,st. lawrence county
5.8,ny,saratoga county
6.7,ny,schenectady county
8.1,ny,schoharie county
8.8,ny,schuyler county
6.9,ny,seneca county
8.4,ny,steuben county
6.6,ny,suffolk county
8.1,ny,sullivan county
7.1,ny,tioga county
5.2,ny,tompkins county
7.1,ny,ulster county
8.2,ny,warren county
7.5,ny,washington county
7.6,ny,wayne county
6.3,ny,westchester county
7.9,ny,wyoming county
6.8,ny,yates county
8.0,nc,north carolina
7.3,nc,alamance county
7.8,nc,alexander county
8.8,nc,alleghany county
9.5,nc,anson county
9.2,nc,ashe county
8.9,nc,avery county
9.5,nc,beaufort county
10.1,nc,bertie county
11.5,nc,bladen county
9.8,nc,brunswick county
6.0,nc,buncombe county
8.3,nc,burke county
7.6,nc,cabarrus county
9.6,nc,caldwell county
7.1,nc,camden county
7.8,nc,carteret county
9.0,nc,caswell county
8.5,nc,catawba county
6.3,nc,chatham county
9.2,nc,cherokee county
9.8,nc,chowan county
8.8,nc,clay county
9.5,nc,cleveland county
10.3,nc,columbus county
8.7,nc,craven county
9.7,nc,cumberland county
7.9,nc,currituck county
11.0,nc,dare county
8.2,nc,davidson county
7.5,nc,davie county
8.0,nc,duplin county
6.3,nc,durham county
13.0,nc,edgecombe county
7.5,nc,forsyth county
8.3,nc,franklin county
9.0,nc,gaston county
7.0,nc,gates county
15.2,nc,graham county
6.8,nc,granville county
7.9,nc,greene county
8.2,nc,guilford county
11.8,nc,halifax county
9.2,nc,harnett county
7.8,nc,haywood county
6.2,nc,henderson county
9.4,nc,hertford county
9.9,nc,hoke county
11.6,nc,hyde county
8.4,nc,iredell county
8.8,nc,jackson county
7.1,nc,johnston county
8.4,nc,jones county
10.1,nc,lee county
8.7,nc,lenoir county
8.3,nc,lincoln county
9.0,nc,mcdowell county
9.1,nc,macon county
8.2,nc,madison county
10.5,nc,martin county
7.5,nc,mecklenburg county
11.0,nc,mitchell county
8.3,nc,montgomery county
7.8,nc,moore county
10.3,nc,nash county
7.6,nc,new hanover county
10.0,nc,northampton county
7.0,nc,onslow county
5.3,nc,orange county
8.4,nc,pamlico county
9.6,nc,pasquotank county
9.0,nc,pender county
9.6,nc,perquimans county
10.1,nc,person county
8.1,nc,pitt county
6.6,nc,polk county
8.6,nc,randolph county
11.8,nc,richmond county
11.9,nc,robeson county
9.7,nc,rockingham county
9.3,nc,rowan county
11.2,nc,rutherford county
8.1,nc,sampson county
15.1,nc,scotland county
8.2,nc,stanly county
7.9,nc,stokes county
8.3,nc,surry county
12.4,nc,swain county
7.4,nc,transylvania county
12.9,nc,tyrrell county
6.6,nc,union county
11.5,nc,vance county
6.0,nc,wake county
11.0,nc,warren county
12.5,nc,washington county
6.4,nc,watauga county
7.8,nc,wayne county
8.9,nc,wilkes county
11.8,nc,wilson county
7.7,nc,yadkin county
9.5,nc,yancey county
2.9,nd,north dakota
2.5,nd,adams county
3.2,nd,barnes county
7.6,nd,benson county
2.9,nd,billings county
3.9,nd,bottineau county
2.0,nd,bowman county
2.2,nd,burke county
2.5,nd,burleigh county
2.8,nd,cass county
3.3,nd,cavalier county
2.3,nd,dickey county
1.4,nd,divide county
1.4,nd,dunn county
6.0,nd,eddy county
5.3,nd,emmons county
3.4,nd,foster county
2.3,nd,golden valley county
3.0,nd,grand forks county
2.9,nd,grant county
2.3,nd,griggs county
2.6,nd,hettinger county
4.7,nd,kidder county
2.3,nd,lamoure county
3.1,nd,logan county
4.2,nd,mchenry county
3.0,nd,mcintosh county
1.5,nd,mckenzie county
4.2,nd,mclean county
4.6,nd,mercer county
3.3,nd,morton county
1.5,nd,mountrail county
4.3,nd,nelson county
6.1,nd,oliver county
6.1,nd,pembina county
4.2,nd,pierce county
3.8,nd,ramsey county
2.9,nd,ransom county
2.4,nd,renville county
3.4,nd,richland county
12.4,nd,rolette county
2.5,nd,sargent county
4.0,nd,sheridan county
4.6,nd,sioux county
2.1,nd,slope county
1.7,nd,stark county
2.4,nd,steele county
3.1,nd,stutsman county
3.9,nd,towner county
2.9,nd,traill county
5.0,nd,walsh county
2.7,nd,ward county
4.3,nd,wells county
1.2,nd,williams county
7.5,oh,ohio
12.7,oh,adams county
7.8,oh,allen county
8.1,oh,ashland county
9.5,oh,ashtabula county
9.0,oh,athens county
5.9,oh,auglaize county
8.2,oh,belmont county
10.2,oh,brown county
7.5,oh,butler county
7.9,oh,carroll county
6.9,oh,champaign county
7.5,oh,clark county
7.4,oh,clermont county
10.4,oh,clinton county
8.2,oh,columbiana county
9.8,oh,coshocton county
9.2,oh,crawford county
7.0,oh,cuyahoga county
7.0,oh,darke county
7.5,oh,defiance county
5.3,oh,delaware county
8.1,oh,erie county
6.7,oh,fairfield county
7.7,oh,fayette county
6.4,oh,franklin county
7.9,oh,fulton county
9.7,oh,gallia county
5.7,oh,geauga county
7.0,oh,greene county
8.7,oh,guernsey county
7.3,oh,hamilton county
6.2,oh,hancock county
7.7,oh,hardin county
7.9,oh,harrison county
8.8,oh,henry county
10.5,oh,highland county
8.1,oh,hocking county
5.2,oh,holmes county
10.2,oh,huron county
10.5,oh,jackson county
10.9,oh,jefferson county
6.9,oh,knox county
6.2,oh,lake county
8.8,oh,lawrence county
6.9,oh,licking county
6.8,oh,logan county
7.3,oh,lorain county
8.7,oh,lucas county
6.3,oh,madison county
8.5,oh,mahoning county
7.9,oh,marion county
5.8,oh,medina county
11.9,oh,meigs county
5.1,oh,mercer county
7.2,oh,miami county
10.0,oh,monroe county
8.3,oh,montgomery county
10.1,oh,morgan county
8.0,oh,morrow county
9.1,oh,muskingum county
9.6,oh,noble county
9.7,oh,ottawa county
7.6,oh,paulding county
9.6,oh,perry county
7.3,oh,pickaway county
12.2,oh,pike county
7.7,oh,portage county
7.5,oh,preble county
6.0,oh,putnam county
8.6,oh,richland county
8.7,oh,ross county
7.6,oh,sandusky county
11.9,oh,scioto county
7.8,oh,seneca county
6.7,oh,shelby county
7.6,oh,stark county
7.6,oh,summit county
9.4,oh,trumbull county
7.3,oh,tuscarawas county
5.8,oh,union county
7.0,oh,van wert county
10.7,oh,vinton county
6.4,oh,warren county
8.6,oh,washington county
6.2,oh,wayne county
7.5,oh,williams county
7.0,oh,wood county
6.3,oh,wyandot county
5.3,ok,oklahoma
9.8,ok,adair county
3.3,ok,alfalfa county
6.9,ok,atoka county
3.4,ok,beaver county
3.3,ok,beckham county
4.0,ok,blaine county
5.5,ok,bryan county
6.3,ok,caddo county
4.1,ok,canadian county
5.3,ok,carter county
7.0,ok,cherokee county
8.5,ok,choctaw county
3.2,ok,cimarron county
4.3,ok,cleveland county
7.6,ok,coal county
5.8,ok,comanche county
5.6,ok,cotton county
6.5,ok,craig county
6.0,ok,creek county
3.7,ok,custer county
6.9,ok,delaware county
3.5,ok,dewey county
3.1,ok,ellis county
4.1,ok,garfield county
5.0,ok,garvin county
4.8,ok,grady county
3.3,ok,grant county
5.4,ok,greer county
4.3,ok,harmon county
3.3,ok,harper county
9.2,ok,haskell county
8.0,ok,hughes county
5.4,ok,jackson county
5.3,ok,jefferson county
8.1,ok,johnston county
6.9,ok,kay county
3.5,ok,kingfisher county
4.9,ok,kiowa county
8.9,ok,latimer county
8.9,ok,le flore county
5.1,ok,lincoln county
4.5,ok,logan county
4.4,ok,love county
4.4,ok,mcclain county
9.4,ok,mccurtain county
9.8,ok,mcintosh county
3.4,ok,major county
5.8,ok,marshall county
5.8,ok,mayes county
5.0,ok,murray county
6.5,ok,muskogee county
4.4,ok,noble county
6.8,ok,nowata county
7.1,ok,okfuskee county
4.8,ok,oklahoma county
7.6,ok,okmulgee county
5.8,ok,osage county
8.0,ok,ottawa county
6.0,ok,pawnee county
4.4,ok,payne county
7.3,ok,pittsburg county
5.5,ok,pontotoc county
5.5,ok,pottawatomie county
8.9,ok,pushmataha county
3.2,ok,roger mills county
5.1,ok,rogers county
8.2,ok,seminole county
8.4,ok,sequoyah county
5.4,ok,stephens county
4.4,ok,texas county
5.4,ok,tillman county
5.1,ok,tulsa county
5.1,ok,wagoner county
4.8,ok,washington county
4.2,ok,washita county
3.2,ok,woods county
3.5,ok,woodward county
7.9,or,oregon
9.6,or,baker county
5.7,or,benton county
7.1,or,clackamas county
7.8,or,clatsop county
9.6,or,columbia county
10.2,or,coos county
12.1,or,crook county
10.6,or,curry county
9.5,or,deschutes county
10.6,or,douglas county
9.5,or,gilliam county
12.4,or,grant county
11.6,or,harney county
6.3,or,hood river county
9.7,or,jackson county
10.4,or,jefferson county
11.1,or,josephine county
10.8,or,klamath county
11.4,or,lake county
8.0,or,lane county
8.8,or,lincoln county
9.7,or,linn county
8.5,or,malheur county
8.8,or,marion county
7.7,or,morrow county
6.8,or,multnomah county
8.1,or,polk county
9.3,or,sherman county
8.4,or,tillamook county
8.8,or,umatilla county
8.4,or,union county
11.1,or,wallowa county
7.6,or,wasco county
6.3,or,washington county
6.3,or,wheeler county
7.5,or,yamhill county
7.4,pa,pennsylvania
5.9,pa,adams county
6.5,pa,allegheny county
7.7,pa,armstrong county
7.2,pa,beaver county
8.4,pa,bedford county
7.1,pa,berks county
7.0,pa,blair county
7.3,pa,bradford county
6.6,pa,bucks county
6.2,pa,butler county
8.7,pa,cambria county
9.7,pa,cameron county
9.3,pa,carbon county
5.3,pa,centre county
5.3,pa,chester county
8.1,pa,clarion county
9.0,pa,clearfield county
9.0,pa,clinton county
7.7,pa,columbia county
7.2,pa,crawford county
5.7,pa,cumberland county
6.8,pa,dauphin county
7.1,pa,delaware county
6.8,pa,elk county
7.4,pa,erie county
9.6,pa,fayette county
9.9,pa,forest county
6.6,pa,franklin county
9.2,pa,fulton county
7.2,pa,greene county
9.8,pa,huntingdon county
7.7,pa,indiana county
8.2,pa,jefferson county
7.1,pa,juniata county
8.3,pa,lackawanna county
6.0,pa,lancaster county
7.5,pa,lawrence county
6.2,pa,lebanon county
7.8,pa,lehigh county
9.4,pa,luzerne county
7.8,pa,lycoming county
8.2,pa,mckean county
7.2,pa,mercer county
8.2,pa,mifflin county
9.4,pa,monroe county
5.9,pa,montgomery county
5.5,pa,montour county
7.4,pa,northampton county
8.7,pa,northumberland county
6.5,pa,perry county
10.3,pa,philadelphia county/city
9.7,pa,pike county
9.3,pa,potter county
9.2,pa,schuylkill county
6.9,pa,snyder county
9.2,pa,somerset county
8.3,pa,sullivan county
7.1,pa,susquehanna county
8.6,pa,tioga county
6.3,pa,union county
7.8,pa,venango county
6.4,pa,warren county
6.9,pa,washington county
7.9,pa,wayne county
7.0,pa,westmoreland county
8.6,pa,wyoming county
6.7,pa,york county
9.3,ri,rhode island
7.9,ri,bristol county
8.7,ri,kent county
8.5,ri,newport county
9.8,ri,providence county
8.6,ri,washington county
7.6,sc,south carolina
9.5,sc,abbeville county
7.6,sc,aiken county
14.0,sc,allendale county
7.1,sc,anderson county
13.5,sc,bamberg county
12.1,sc,barnwell county
6.4,sc,beaufort county
7.0,sc,berkeley county
9.6,sc,calhoun county
5.9,sc,charleston county
10.5,sc,cherokee county
12.2,sc,chester county
9.2,sc,chesterfield county
10.3,sc,clarendon county
9.9,sc,colleton county
9.3,sc,darlington county
11.8,sc,dillon county
6.6,sc,dorchester county
8.1,sc,edgefield county
10.7,sc,fairfield county
8.3,sc,florence county
10.1,sc,georgetown county
6.1,sc,greenville county
8.6,sc,greenwood county
9.3,sc,hampton county
8.6,sc,horry county
6.9,sc,jasper county
7.8,sc,kershaw county
9.3,sc,lancaster county
8.6,sc,laurens county
11.0,sc,lee county
5.8,sc,lexington county
9.8,sc,mccormick county
13.1,sc,marion county
13.8,sc,marlboro county
7.3,sc,newberry county
7.7,sc,oconee county
12.4,sc,orangeburg county
7.4,sc,pickens county
6.9,sc,richland county
6.9,sc,saluda county
7.7,sc,spartanburg county
8.7,sc,sumter county
11.3,sc,union county
12.5,sc,williamsburg county
7.7,sc,york county
3.8,sd,south dakota
2.7,sd,aurora county
3.6,sd,beadle county
6.4,sd,bennett county
3.2,sd,bon homme county
3.4,sd,brookings county
3.3,sd,brown county
3.4,sd,brule county
8.8,sd,buffalo county
3.9,sd,butte county
3.6,sd,campbell county
4.3,sd,charles mix county
3.9,sd,clark county
3.7,sd,clay county
3.6,sd,codington county
6.9,sd,corson county
5.1,sd,custer county
3.1,sd,davison county
5.3,sd,day county
5.6,sd,deuel county
15.5,sd,dewey county
3.2,sd,douglas county
2.8,sd,edmunds county
5.0,sd,fall river county
3.3,sd,faulk county
4.2,sd,grant county
3.9,sd,gregory county
2.9,sd,haakon county
3.4,sd,hamlin county
2.7,sd,hand county
4.2,sd,hanson county
2.9,sd,harding county
2.9,sd,hughes county
3.3,sd,hutchinson county
3.4,sd,hyde county
6.2,sd,jackson county
3.1,sd,jerauld county
3.6,sd,jones county
3.2,sd,kingsbury county
3.9,sd,lake county
3.9,sd,lawrence county
2.7,sd,lincoln county
4.8,sd,lyman county
3.2,sd,mccook county
3.8,sd,mcpherson county
4.4,sd,marshall county
3.8,sd,meade county
7.6,sd,mellette county
3.7,sd,miner county
3.3,sd,minnehaha county
4.6,sd,moody county
13.5,sd,oglala lakota county
3.9,sd,pennington county
3.7,sd,perkins county
3.8,sd,potter county
5.2,sd,roberts county
3.0,sd,sanborn county
3.6,sd,spink county
2.8,sd,stanley county
3.0,sd,sully county
9.8,sd,todd county
3.5,sd,tripp county
3.0,sd,turner county
4.2,sd,union county
5.4,sd,walworth county
3.3,sd,yankton county
6.2,sd,ziebach county
7.8,tn,tennessee
7.9,tn,anderson county
9.2,tn,bedford county
9.8,tn,benton county
10.5,tn,bledsoe county
7.0,tn,blount county
7.1,tn,bradley county
11.1,tn,campbell county
7.9,tn,cannon county
11.9,tn,carroll county
9.2,tn,carter county
6.6,tn,cheatham county
8.1,tn,chester county
10.7,tn,claiborne county
10.8,tn,clay county
10.9,tn,cocke county
7.8,tn,coffee county
9.1,tn,crockett county
9.3,tn,cumberland county
5.9,tn,davidson county
10.6,tn,decatur county
10.1,tn,dekalb county
7.7,tn,dickson county
10.5,tn,dyer county
8.6,tn,fayette county
9.8,tn,fentress county
7.3,tn,franklin county
11.0,tn,gibson county
8.2,tn,giles county
10.0,tn,grainger county
9.7,tn,greene county
10.1,tn,grundy county
9.1,tn,hamblen county
7.2,tn,hamilton county
11.8,tn,hancock county
11.1,tn,hardeman county
10.4,tn,hardin county
8.8,tn,hawkins county
11.8,tn,haywood county
10.5,tn,henderson county
9.5,tn,henry county
8.3,tn,hickman county
10.9,tn,houston county
8.8,tn,humphreys county
10.3,tn,jackson county
9.1,tn,jefferson county
9.0,tn,johnson county
6.3,tn,knox county
10.1,tn,lake county
11.7,tn,lauderdale county
9.9,tn,lawrence county
10.6,tn,lewis county
6.3,tn,lincoln county
7.8,tn,loudon county
9.0,tn,mcminn county
11.7,tn,mcnairy county
8.2,tn,macon county
8.1,tn,madison county
9.1,tn,marion county
8.2,tn,marshall county
7.1,tn,maury county
10.3,tn,meigs county
9.8,tn,monroe county
7.6,tn,montgomery county
6.0,tn,moore county
10.2,tn,morgan county
11.6,tn,obion county
9.0,tn,overton county
9.4,tn,perry county
9.5,tn,pickett county
9.2,tn,polk county
8.0,tn,putnam county
10.7,tn,rhea county
9.0,tn,roane county
6.8,tn,robertson county
6.2,tn,rutherford county
14.5,tn,scott county
8.6,tn,sequatchie county
8.5,tn,sevier county
8.8,tn,shelby county
7.8,tn,smith county
11.0,tn,stewart county
7.6,tn,sullivan county
6.2,tn,sumner county
9.5,tn,tipton county
8.5,tn,trousdale county
10.5,tn,unicoi county
9.6,tn,union county
11.5,tn,van buren county
8.5,tn,warren county
7.2,tn,washington county
9.7,tn,wayne county
10.4,tn,weakley county
9.5,tn,white county
5.2,tn,williamson county
6.3,tn,wilson county
6.3,tx,texas
5.8,tx,anderson county
3.8,tx,andrews county
6.5,tx,angelina county
6.6,tx,aransas county
5.2,tx,archer county
4.0,tx,armstrong county
6.2,tx,atascosa county
5.9,tx,austin county
7.2,tx,bailey county
6.0,tx,bandera county
6.2,tx,bastrop county
5.3,tx,baylor county
6.6,tx,bee county
6.9,tx,bell county
5.8,tx,bexar county
4.7,tx,blanco county
4.1,tx,borden county
6.5,tx,bosque county
7.6,tx,bowie county
6.1,tx,brazoria county
4.9,tx,brazos county
5.6,tx,brewster county
5.6,tx,briscoe county
9.0,tx,brooks county
6.5,tx,brown county
6.2,tx,burleson county
5.5,tx,burnet county
6.6,tx,caldwell county
6.2,tx,calhoun county
5.7,tx,callahan county
10.0,tx,cameron county
7.3,tx,camp county
4.4,tx,carson county
9.2,tx,cass county
4.7,tx,castro county
7.3,tx,chambers county
6.9,tx,cherokee county
4.3,tx,childress county
5.5,tx,clay county
6.6,tx,cochran county
5.1,tx,coke county
7.5,tx,coleman county
5.5,tx,collin county
5.1,tx,collingsworth county
5.8,tx,colorado county
6.0,tx,comal county
5.9,tx,comanche county
4.0,tx,concho county
5.0,tx,cooke county
7.2,tx,coryell county
6.7,tx,cottle county
4.5,tx,crane county
5.1,tx,crockett county
5.9,tx,crosby county
5.0,tx,culberson county
3.5,tx,dallam county
6.6,tx,dallas county
6.4,tx,dawson county
4.5,tx,deaf smith county
6.3,tx,delta county
5.4,tx,denton county
4.7,tx,dewitt county
9.2,tx,dickens county
5.0,tx,dimmit county
5.1,tx,donley county
6.4,tx,duval county
6.0,tx,eastland county
4.3,tx,ector county
5.9,tx,edwards county
6.2,tx,ellis county
7.9,tx,el paso county
5.4,tx,erath county
7.1,tx,falls county
7.0,tx,fannin county
4.4,tx,fayette county
5.4,tx,fisher county
8.8,tx,floyd county
5.2,tx,foard county
5.5,tx,fort bend county
6.5,tx,franklin county
6.9,tx,freestone county
4.7,tx,frio county
4.2,tx,gaines county
6.9,tx,galveston county
4.5,tx,garza county
4.4,tx,gillespie county
3.6,tx,glasscock county
5.2,tx,goliad county
5.1,tx,gonzales county
5.2,tx,gray county
6.3,tx,grayson county
5.9,tx,gregg county
6.0,tx,grimes county
5.5,tx,guadalupe county
13.3,tx,hale county
7.1,tx,hall county
6.0,tx,hamilton county
3.3,tx,hansford county
5.8,tx,hardeman county
8.0,tx,hardin county
6.1,tx,harris county
6.8,tx,harrison county
3.1,tx,hartley county
4.9,tx,haskell county
5.3,tx,hays county
3.0,tx,hemphill county
7.1,tx,henderson county
10.3,tx,hidalgo county
6.4,tx,hill county
5.0,tx,hockley county
6.1,tx,hood county
5.8,tx,hopkins county
6.2,tx,houston county
5.4,tx,howard county
7.0,tx,hudspeth county
7.4,tx,hunt county
6.2,tx,hutchinson county
4.2,tx,irion county
5.3,tx,jack county
5.0,tx,jackson county
10.5,tx,jasper county
4.1,tx,jeff davis county
10.9,tx,jefferson county
7.1,tx,jim hogg county
6.1,tx,jim wells county
6.1,tx,johnson county
6.7,tx,jones county
5.4,tx,karnes county
6.4,tx,kaufman county
5.1,tx,kendall county
4.0,tx,kenedy county
3.9,tx,kent county
5.5,tx,kerr county
4.9,tx,kimble county
4.6,tx,king county
9.5,tx,kinney county
6.5,tx,kleberg county
5.4,tx,knox county
8.1,tx,lamar county
6.8,tx,lamb county
7.2,tx,lampasas county
3.8,tx,la salle county
4.7,tx,lavaca county
5.1,tx,lee county
6.9,tx,leon county
8.9,tx,liberty county
6.7,tx,limestone county
4.0,tx,lipscomb county
4.4,tx,live oak county
6.4,tx,llano county
5.3,tx,loving county
4.9,tx,lubbock county
5.3,tx,lynn county
5.3,tx,mcculloch county
6.2,tx,mclennan county
2.6,tx,mcmullen county
6.5,tx,madison county
8.1,tx,marion county
4.2,tx,martin county
5.5,tx,mason county
9.7,tx,matagorda county
12.5,tx,maverick county
6.1,tx,medina county
5.9,tx,menard county
3.7,tx,midland county
7.8,tx,milam county
5.3,tx,mills county
5.5,tx,mitchell county
4.9,tx,montague county
5.4,tx,montgomery county
4.3,tx,moore county
9.6,tx,morris county
6.0,tx,motley county
6.5,tx,nacogdoches county
6.5,tx,navarro county
10.8,tx,newton county
5.7,tx,nolan county
6.1,tx,nueces county
3.8,tx,ochiltree county
4.5,tx,oldham county
10.4,tx,orange county
6.5,tx,palo pinto county
6.2,tx,panola county
5.5,tx,parker county
3.9,tx,parmer county
5.4,tx,pecos county
7.7,tx,polk county
5.0,tx,potter county
12.9,tx,presidio county
6.1,tx,rains county
4.3,tx,randall county
4.0,tx,reagan county
8.0,tx,real county
10.1,tx,red river county
5.8,tx,reeves county
5.4,tx,refugio county
4.4,tx,roberts county
7.0,tx,robertson county
5.8,tx,rockwall county
5.3,tx,runnels county
6.2,tx,rusk county
12.9,tx,sabine county
11.6,tx,san augustine county
7.6,tx,san jacinto county
7.2,tx,san patricio county
5.7,tx,san saba county
3.5,tx,schleicher county
4.2,tx,scurry county
3.3,tx,shackelford county
7.4,tx,shelby county
4.1,tx,sherman county
6.5,tx,smith county
6.0,tx,somervell county
15.0,tx,starr county
5.2,tx,stephens county
3.9,tx,sterling county
4.7,tx,stonewall county
4.6,tx,sutton county
8.4,tx,swisher county
6.0,tx,tarrant county
5.3,tx,taylor county
5.0,tx,terrell county
5.9,tx,terry county
5.0,tx,throckmorton county
7.4,tx,titus county
5.2,tx,tom green county
5.0,tx,travis county
7.5,tx,trinity county
10.3,tx,tyler county
6.4,tx,upshur county
4.1,tx,upton county
7.0,tx,uvalde county
7.4,tx,val verde county
6.5,tx,van zandt county
5.3,tx,victoria county
6.6,tx,walker county
6.5,tx,waller county
4.7,tx,ward county
5.5,tx,washington county
6.1,tx,webb county
6.0,tx,wharton county
4.3,tx,wheeler county
5.9,tx,wichita county
5.8,tx,wilbarger county
15.8,tx,willacy county
5.3,tx,williamson county
5.3,tx,wilson county
5.3,tx,winkler county
6.0,tx,wise county
7.3,tx,wood county
3.9,tx,yoakum county
5.2,tx,young county
6.2,tx,zapata county
14.5,tx,zavala county
4.6,ut,utah
4.7,ut,beaver county
4.7,ut,box elder county
4.0,ut,cache county
6.3,ut,carbon county
4.9,ut,daggett county
4.3,ut,davis county
4.3,ut,duchesne county
6.1,ut,emery county
9.2,ut,garfield county
7.7,ut,grand county
5.5,ut,iron county
5.0,ut,juab county
5.4,ut,kane county
4.1,ut,millard county
4.0,ut,morgan county
7.6,ut,piute county
4.6,ut,rich county
4.4,ut,salt lake county
8.0,ut,san juan county
5.6,ut,sanpete county
5.4,ut,sevier county
4.2,ut,summit county
5.4,ut,tooele county
4.4,ut,uintah county
4.2,ut,utah county
4.7,ut,wasatch county
5.5,ut,washington county
10.9,ut,wayne county
5.4,ut,weber county
4.4,vt,vermont
4.1,vt,addison county
5.2,vt,bennington county
5.3,vt,caledonia county
3.4,vt,chittenden county
6.8,vt,essex county
4.2,vt,franklin county
4.5,vt,grand isle county
5.7,vt,lamoille county
4.1,vt,orange county
6.8,vt,orleans county
5.3,vt,rutland county
4.3,vt,washington county
4.7,vt,windham county
4.2,vt,windsor county
5.7,va,virginia
7.2,va,accomack county
4.8,va,albemarle county
6.6,va,alleghany county
5.9,va,amelia county
6.1,va,amherst county
6.5,va,appomattox county
3.5,va,arlington county
5.2,va,augusta county
5.3,va,bath county
5.7,va,bedford county
6.8,va,bland county
5.3,va,botetourt county
9.4,va,brunswick county
11.0,va,buchanan county
7.9,va,buckingham county
6.0,va,campbell county
7.1,va,caroline county
8.3,va,carroll county
6.8,va,charles city county
7.8,va,charlotte county
5.7,va,chesterfield county
4.7,va,clarke county
7.0,va,craig county
5.4,va,culpeper county
6.7,va,cumberland county
11.2,va,dickenson county
7.4,va,dinwiddie county
6.6,va,essex county
4.4,va,fairfax county
4.9,va,fauquier county
5.4,va,floyd county
4.8,va,fluvanna county
5.9,va,franklin county
5.3,va,frederick county
7.0,va,giles county
5.2,va,gloucester county
5.1,va,goochland county
9.7,va,grayson county
4.8,va,greene county
7.7,va,greensville county
9.1,va,halifax county
5.1,va,hanover county
5.6,va,henrico county
9.1,va,henry county
4.3,va,highland county
5.7,va,isle of wight county
5.3,va,james city county
6.1,va,king and queen county
5.8,va,king george county
5.6,va,king william county
7.5,va,lancaster county
8.8,va,lee county
4.4,va,loudoun county
5.7,va,louisa county
7.1,va,lunenburg county
4.5,va,madison county
5.1,va,mathews county
9.3,va,mecklenburg county
5.5,va,middlesex county
5.7,va,montgomery county
5.5,va,nelson county
5.0,va,new kent county
9.1,va,northampton county
7.4,va,northumberland county
6.0,va,nottoway county
5.9,va,orange county
9.2,va,page county
8.3,va,patrick county
7.0,va,pittsylvania county
5.1,va,powhatan county
8.4,va,prince edward county
7.0,va,prince george county
5.2,va,prince william county
7.6,va,pulaski county
5.1,va,rappahannock county
6.2,va,richmond county
5.0,va,roanoke county
5.8,va,rockbridge county
5.1,va,rockingham county
8.5,va,russell county
7.0,va,scott county
5.6,va,shenandoah county
9.1,va,smyth county
5.6,va,southampton county
5.8,va,spotsylvania county
5.7,va,stafford county
7.3,va,surry county
9.3,va,sussex county
8.6,va,tazewell county
6.1,va,warren county
6.4,va,washington county
6.9,va,westmoreland county
10.3,va,wise county
7.8,va,wythe county
5.4,va,york county
4.1,va,alexandria city
7.0,va,bristol city
6.8,va,buena vista city
4.7,va,charlottesville city
5.9,va,chesapeake city
6.5,va,colonial heights city
8.4,va,covington city
9.8,va,danville city
9.8,va,emporia city
4.2,va,fairfax city
3.9,va,falls church city
9.3,va,franklin city
6.5,va,fredericksburg city
8.6,va,galax city
7.5,va,hampton city
6.8,va,harrisonburg city
9.8,va,hopewell city
8.5,va,lexington city
7.1,va,lynchburg city
5.4,va,manassas city
5.1,va,manassas park city
11.2,va,martinsville city
6.8,va,newport news city
7.0,va,norfolk city
8.3,va,norton city
11.7,va,petersburg city
5.0,va,poquoson city
8.1,va,portsmouth city
7.5,va,radford city
6.8,va,richmond city
6.7,va,roanoke city
5.8,va,salem city
5.8,va,staunton city
6.3,va,suffolk city
5.4,va,virginia beach city
6.1,va,waynesboro city
7.7,va,williamsburg city
5.8,va,winchester city
7.0,wa,washington
8.4,wa,adams county
6.6,wa,asotin county
8.9,wa,benton county
7.3,wa,chelan county
9.6,wa,clallam county
8.5,wa,clark county
8.0,wa,columbia county
9.8,wa,cowlitz county
8.3,wa,douglas county
13.5,wa,ferry county
9.4,wa,franklin county
7.4,wa,garfield county
8.7,wa,grant county
11.9,wa,grays harbor county
7.4,wa,island county
9.4,wa,jefferson county
5.1,wa,king county
7.2,wa,kitsap county
7.8,wa,kittitas county
9.4,wa,klickitat county
10.5,wa,lewis county
6.8,wa,lincoln county
10.0,wa,mason county
8.6,wa,okanogan county
11.3,wa,pacific county
11.9,wa,pend oreille county
8.3,wa,pierce county
6.0,wa,san juan county
8.6,wa,skagit county
9.9,wa,skamania county
5.8,wa,snohomish county
8.2,wa,spokane county
10.8,wa,stevens county
7.6,wa,thurston county
12.0,wa,wahkiakum county
7.1,wa,walla walla county
7.4,wa,whatcom county
6.0,wa,whitman county
10.0,wa,yakima county
6.8,wn,west virginia
7.1,wv,barbour county
5.6,wv,berkeley county
9.6,wv,boone county
10.3,wv,braxton county
7.7,wv,brooke county
5.8,wv,cabell county
10.1,wv,calhoun county
12.0,wv,clay county
5.3,wv,doddridge county
8.6,wv,fayette county
6.7,wv,gilmer county
8.2,wv,grant county
7.4,wv,greenbrier county
7.0,wv,hampshire county
8.1,wv,hancock county
9.5,wv,hardy county
5.6,wv,harrison county
6.9,wv,jackson county
4.8,wv,jefferson county
5.9,wv,kanawha county
6.4,wv,lewis county
9.6,wv,lincoln county
9.8,wv,logan county
12.7,wv,mcdowell county
5.9,wv,marion county
7.3,wv,marshall county
9.4,wv,mason county
7.7,wv,mercer county
7.8,wv,mineral county
11.2,wv,mingo county
4.5,wv,monongalia county
6.3,wv,monroe county
6.2,wv,morgan county
9.6,wv,nicholas county
5.7,wv,ohio county
5.4,wv,pendleton county
7.3,wv,pleasants county
8.6,wv,pocahontas county
6.5,wv,preston county
5.7,wv,putnam county
7.3,wv,raleigh county
7.2,wv,randolph county
6.1,wv,ritchie county
10.4,wv,roane county
7.6,wv,summers county
5.6,wv,taylor county
6.8,wv,tucker county
8.7,wv,tyler county
7.1,wv,upshur county
6.9,wv,wayne county
10.3,wv,webster county
9.1,wv,wetzel county
10.1,wv,wirt county
6.2,wv,wood county
9.2,wv,wyoming county
6.7,wi,wisconsin
10.9,wi,adams county
9.2,wi,ashland county
7.5,wi,barron county
11.0,wi,bayfield county
6.2,wi,brown county
6.6,wi,buffalo county
8.5,wi,burnett county
5.3,wi,calumet county
6.7,wi,chippewa county
7.1,wi,clark county
6.5,wi,columbia county
8.2,wi,crawford county
4.7,wi,dane county
6.9,wi,dodge county
9.9,wi,door county
6.6,wi,douglas county
6.4,wi,dunn county
5.7,wi,eau claire county
8.3,wi,florence county
6.1,wi,fond du lac county
11.0,wi,forest county
5.9,wi,grant county
5.7,wi,green county
7.9,wi,green lake county
6.5,wi,iowa county
10.7,wi,iron county
7.1,wi,jackson county
6.3,wi,jefferson county
8.1,wi,juneau county
7.7,wi,kenosha county
6.4,wi,kewaunee county
5.3,wi,la crosse county
5.4,wi,lafayette county
9.1,wi,langlade county
8.3,wi,lincoln county
7.4,wi,manitowoc county
6.7,wi,marathon county
7.9,wi,marinette county
8.4,wi,marquette county
15.8,wi,menominee county
8.4,wi,milwaukee county
6.9,wi,monroe county
7.7,wi,oconto county
8.6,wi,oneida county
6.1,wi,outagamie county
5.2,wi,ozaukee county
5.7,wi,pepin county
5.3,wi,pierce county
7.1,wi,polk county
6.9,wi,portage county
6.9,wi,price county
8.3,wi,racine county
6.1,wi,richland county
7.7,wi,rock county
8.5,wi,rusk county
5.4,wi,st. croix county
6.3,wi,sauk county
10.9,wi,sawyer county
7.5,wi,shawano county
6.1,wi,sheboygan county
6.4,wi,taylor county
5.6,wi,trempealeau county
6.0,wi,vernon county
10.1,wi,vilas county
6.8,wi,walworth county
7.4,wi,washburn county
5.7,wi,washington county
5.5,wi,waukesha county
7.3,wi,waupaca county
8.6,wi,waushara county
6.4,wi,winnebago county
7.3,wi,wood county
4.7,wi,wyoming
3.8,wy,albany county
5.2,wy,big horn county
4.2,wy,campbell county
4.3,wy,carbon county
3.7,wy,converse county
4.4,wy,crook county
5.7,wy,fremont county
4.2,wy,goshen county
4.7,wy,hot springs county
5.1,wy,johnson county
4.8,wy,laramie county
5.7,wy,lincoln county
4.5,wy,natrona county
3.5,wy,niobrara county
5.1,wy,park county
4.4,wy,platte county
5.5,wy,sheridan county
4.7,wy,sublette county
4.4,wy,sweetwater county
5.6,wy,teton county
5.3,wy,uinta county
5.0,wy,washakie county
3.6,wy,weston county
14.3,pr,puerto rico
23.1,pr,adjuntas municipio
18.5,pr,aguada municipio
17.5,pr,aguadilla municipio
16.8,pr,aguas buenas municipio
17.1,pr,aibonito municipio
18.4,pr,anasco municipio
15.6,pr,arecibo municipio
25.3,pr,arroyo municipio
21.5,pr,barceloneta municipio
15.5,pr,barranquitas municipio
10.1,pr,bayamon municipio
20.2,pr,cabo rojo municipio
11.9,pr,caguas municipio
15.1,pr,camuy municipio
13.1,pr,canovanas municipio
9.5,pr,carolina municipio
13.0,pr,catano municipio
13.6,pr,cayey municipio
18.1,pr,ceiba municipio
25.7,pr,ciales municipio
12.7,pr,cidra municipio
20.2,pr,coamo municipio
20.0,pr,comerio municipio
15.0,pr,corozal municipio
6.7,pr,culebra municipio
8.9,pr,dorado municipio
17.1,pr,fajardo municipio
20.9,pr,florida municipio
26.7,pr,guanica municipio
21.7,pr,guayama municipio
22.0,pr,guayanilla municipio
6.1,pr,guaynabo municipio
10.7,pr,gurabo municipio
16.1,pr,hatillo municipio
17.0,pr,hormigueros municipio
18.3,pr,humacao municipio
17.4,pr,isabela municipio
18.3,pr,jayuya municipio
15.6,pr,juana diaz municipio
15.5,pr,juncos municipio
27.4,pr,lajas municipio
24.8,pr,lares municipio
24.1,pr,las marias municipio
17.6,pr,las piedras municipio
12.5,pr,loiza municipio
18.9,pr,luquillo municipio
13.7,pr,manati municipio
21.1,pr,maricao municipio
21.6,pr,maunabo municipio
19.1,pr,mayaguez municipio
19.8,pr,moca municipio
19.3,pr,morovis municipio
16.3,pr,naguabo municipio
16.5,pr,naranjito municipio
18.7,pr,orocovis municipio
24.4,pr,patillas municipio
20.5,pr,penuelas municipio
16.0,pr,ponce municipio
18.9,pr,quebradillas municipio
20.5,pr,rincon municipio
11.8,pr,rio grande municipio
21.2,pr,sabana grande municipio
26.0,pr,salinas municipio
19.9,pr,san german municipio
8.0,pr,san juan municipio
16.6,pr,san lorenzo municipio
23.8,pr,san sebastian municipio
18.9,pr,santa isabel municipio
9.3,pr,toa alta municipio
10.5,pr,toa baja municipio
7.6,pr,trujillo alto municipio
19.6,pr,utuado municipio
14.1,pr,vega alta municipio
16.5,pr,vega baja municipio
15.9,pr,vieques municipio
21.6,pr,villalba municipio
23.9,pr,yabucoa municipio
21.1,pr,yauco municipio
